<?xml version="1.0"?>
<Project Version="1" Minor="7" DIGEST="">
	<TOOL_VERSION Version="2024.2"/>
	<MODE Name="Pre-Synthesis"/>
	<SYSTEMINFO BOARD="" PART="xczu3eg-sfvc784-2-e" ARCH="zynquplus" PACKAGE="sfvc784" DEVICE="xczu3eg" SPEED="-2" LUT="70560" FF="141120" BRAM="216" DSP="360"/>
	<PART Name="xczu3eg-sfvc784-2-e">
		<SSIT IS_SSIT="0"/>
		<NUM_OF_SLRS Value="1"/>
	</PART>
	<HIERARCHY Name="design_1_wrapper"/>
	<File Type="HW_HANDOFF" Name="design_1.hwh" src_db="design_1.hwdef" DESIGN_HIERARCHY="design_1_i" BD_TYPE="DEFAULT_BD">
	</File>
	<File Type="BDA" Name="design_1.bda" src_db="design_1.hwdef">
	</File>
	<File Type="PS_FSBL_INIT" Name="psu_init.c" src_db="design_1_zynq_ultra_ps_e_0_0.hwdef">
	</File>
	<File Type="PS_FSBL_INIT" Name="psu_init.h" src_db="design_1_zynq_ultra_ps_e_0_0.hwdef">
	</File>
	<File Type="PS_FSBL_INIT_GPL" Name="psu_init_gpl.c" src_db="design_1_zynq_ultra_ps_e_0_0.hwdef">
	</File>
	<File Type="PS_FSBL_INIT_GPL" Name="psu_init_gpl.h" src_db="design_1_zynq_ultra_ps_e_0_0.hwdef">
	</File>
	<File Type="PS_INIT_HELP" Name="psu_init.html" src_db="design_1_zynq_ultra_ps_e_0_0.hwdef">
	</File>
	<File Type="PS_XMD_INIT" Name="psu_init.tcl" src_db="design_1_zynq_ultra_ps_e_0_0.hwdef">
	</File>
	<File Type="HW_HANDOFF" Name="design_1_axi_smc_1_4.hwh" src_db="design_1_axi_smc_1_4.hwdef" DESIGN_HIERARCHY="design_1_i/axi_smc_1/inst" BD_TYPE="SCOPED_BD">
	</File>
	<File Type="HW_HANDOFF" Name="design_1_axi_smc_0.hwh" src_db="design_1_axi_smc_0.hwdef" DESIGN_HIERARCHY="design_1_i/axi_smc/inst" BD_TYPE="SCOPED_BD">
	</File>
	<DRIVERS>
		<DRIVER IP_VLNV="xilinx.com:hls:cnn_accel:1.0">
			<File PATH="drivers/cnn_accel_v1_0/data/cnn_accel.mdd"/>
			<File PATH="drivers/cnn_accel_v1_0/data/cnn_accel.tcl"/>
			<File PATH="drivers/cnn_accel_v1_0/data/cnn_accel.yaml"/>
			<File PATH="drivers/cnn_accel_v1_0/src/CMakeLists.txt"/>
			<File PATH="drivers/cnn_accel_v1_0/src/Makefile"/>
			<File PATH="drivers/cnn_accel_v1_0/src/xcnn_accel.c"/>
			<File PATH="drivers/cnn_accel_v1_0/src/xcnn_accel.h"/>
			<File PATH="drivers/cnn_accel_v1_0/src/xcnn_accel_hw.h"/>
			<File PATH="drivers/cnn_accel_v1_0/src/xcnn_accel_linux.c"/>
			<File PATH="drivers/cnn_accel_v1_0/src/xcnn_accel_sinit.c"/>
		</DRIVER>
	</DRIVERS>
	<USEDRESOURCES LUT="7662" FF="10076" BRAM="30" DSP="23"/>
	<DESIGN_DATA Type="rm">
		<DESIGN_IDS DESIGN_ID="458180061" PARENT_ID="0" NODE_ID="0"/>
	</DESIGN_DATA>
</Project>

