<?xml version="1.0" encoding="UTF-8"?>
<Root VersionMajor="1" VersionMinor="15">
  <GenAppInfo Name="Vivado" Version="2024.2" CL="5239630" TimeStamp="Mon Feb  2 15:12:02 2026"/>
  <DSA Vendor="xilinx" BoardId="" Name="" VersionMajor="0" VersionMinor="0" Description="Vivado generated Hardware Platform" FeatureRomTimestamp="0" DcpLogicFunctionStripped="false" DcpEncrypt="false" Unified="true" Fixed="true" DefaultOutputType="hw_export">
    <Build UsesPR="false" PlatformState="pre_synth" AcceleratorBinaryContent="bitstream" ValidBinaryContentValues="dcp,bitstream" TopModuleName="design_1_wrapper"/>
    <Board Name="" Vendor="" Part="">
      <Images>
        <Img Type="HDPI" File=""/>
        <Img Type="MDPI" File=""/>
        <Img Type="LDPI" File=""/>
      </Images>
    </Board>
    <Devices>
      <Device Name="fpga0" Type="8" FpgaDevice="zynquplus:xczu3eg:sfvc784:-2:e">
        <Core Name="OCL_REGION_0" Type="clc_region" ComputeUnits="60">
          <AvailableResources LUT="62898" REG="131044" BRAM="186" DSP="337"/>
        </Core>
      </Device>
    </Devices>
    <Files/>
  </DSA>
</Root>
