{
    "versionMajor": "0",
    "versionMinor": "0",
    "usesPR": "false",
    "platformState": "pre_synth",
    "topModuleName": "design_1_wrapper",
    "acceleratorBinaryFormat": "xclbin2",
    "acceleratorBinaryContent": "bitstream",
    "validAcceleratorBinaryContentValues": "dcp,bitstream",
    "dcpFunctionStripped": "false",
    "dcpEncrypted": "false",
    "defaultOutputType": "hw_export",
    "designIntent": {
        "dataCenter": {
            "value": "false",
            "explicit": "false"
        },
        "embedded": {
            "value": "false",
            "explicit": "false"
        },
        "externalHost": {
            "value": "false",
            "explicit": "false"
        },
        "serverManaged": {
            "value": "false",
            "explicit": "false"
        }
    },
    "devices": [
        {
            "name": "fpga0",
            "type": "8",
            "fpgaPart": "zynquplus:xczu3eg:sfvc784:-2:e",
            "part": {
                "name": "xczu3eg-sfvc784-2-e",
                "architecture": "zynquplus",
                "device": "xczu3eg",
                "package": "sfvc784",
                "speedGrade": "-2",
                "tempGrade": "e"
            },
            "numSLRs": "1",
            "core": {
                "name": "OCL_REGION_0",
                "type": "clc_region",
                "numComputeUnits": "60",
                "availableResources": {
                    "bramCount": "186",
                    "dspCount": "337",
                    "lutCount": "62898",
                    "registerCount": "131044"
                }
            }
        }
    ],
    "vendor": "xilinx",
    "description": "Vivado generated Hardware Platform",
    "uniqueName": "xilinx:::0.0",
    "fpgaPart": "zynquplus",
    "fpgaDevice": "xczu3eg",
    "unifiedPlatform": "true",
    "expandablePlatform": "false",
    "hardware": "true",
    "softwareEmulation": "true",
    "hardwareEmulation": "false",
    "hardwareEmuPlatform": "false",
    "usesNIFD": "false",
    "generatedName": "Vivado",
    "generatedVersion": "2024.2",
    "generatedChangeList": "5239630",
    "generatedIpChangeList": "5239520",
    "generatedSharedDataChangeList": "5239561",
    "generatedTimestamp": "Mon Feb  2 15:12:02 2026",
    "idCode": "04a42093",
    "designIDs": {
        "designID": "458180061"
    },
    "resources": [
        {
            "type": "REG",
            "count": "131044"
        }
    ]
}

